{
	"output_file": "Borderlands_Settings.json",

	"!build": {
		"type": "checkbox",
		"value": true,
		"label": "Enable !build",
		"tooltip": "Allow use of the !build command."
	},
	"!level": {
		"type": "checkbox",
		"value": true,
		"label": "Enable !level",
		"tooltip": "Allow use of the !level command."
	},
	"!name": {
		"type": "checkbox",
		"value": true,
		"label": "Enable !name",
		"tooltip": "Allow use of the !name command."
	},

	"cooldown": {
		"type": "numberbox",
		"label": "Cooldown (seconds)",
		"value": 10,
		"tooltip": "Cooldown in seconds."
	}
}